Name,Constituency,Party
"Abbott, Ms Dianeÿ(Labour)",Hackney North and Stoke Newington,Labour
"Abrahams, Debbieÿ(Labour)",Oldham East and Saddleworth,Labour
"Adams, Nigelÿ(Conservative)",Selby and Ainsty,Conservative
"Afolami, Bimÿ(Conservative)",Hitchin and Harpenden,Conservative
"Afriyie, Adamÿ(Conservative)",Windsor,Conservative
"Aldous, Peterÿ(Conservative)",Waveney,Conservative
"Alexander, Heidiÿ(Labour)",Lewisham East,Labour
"Ali, Rushanaraÿ(Labour)",Bethnal Green and Bow,Labour
"Allan, Lucyÿ(Conservative)",Telford,Conservative
"Allen, Heidiÿ(Conservative)",South Cambridgeshire,Conservative
"Allin-Khan, Dr Rosenaÿ(Labour)",Tooting,Labour
"Amesbury, Mikeÿ(Labour)",Weaver Vale,Labour
"Amess, Sir Davidÿ(Conservative)",Southend West,Conservative
"Andrew, Stuartÿ(Conservative)",Pudsey,Conservative
"Antoniazzi, Toniaÿ(Labour)",Gower,Labour
"Argar, Edwardÿ(Conservative)",Charnwood,Conservative
"Ashworth, Jonathanÿ(Labour (Co-op))",Leicester South,Labour (Co-op)
"Atkins, Victoriaÿ(Conservative)",Louth and Horncastle,Conservative
"Austin, Ianÿ(Labour)",Dudley North,Labour
"Bacon, Mr Richardÿ(Conservative)",South Norfolk,Conservative
"Badenoch, Mrs Kemi(Conservative)",Saffron Walden,Conservative
"Bailey, Mr Adrianÿ(Labour (Co-op))",West Bromwich West,Labour (Co-op)
"Baker, Mr Steveÿ(Conservative)",Wycombe,Conservative
"Baldwin, Harriettÿ(Conservative)",West Worcestershire,Conservative
"Barclay, Stephenÿ(Conservative)",North East Cambridgeshire,Conservative
"Bardell, Hannahÿ(Scottish National Party)",Livingston,Scottish National Party
"Baron, Mr Johnÿ(Conservative)",Basildon and Billericay,Conservative
"Barron, Sir Kevinÿ(Labour)",Rother Valley,Labour
"Bebb, Gutoÿ(Conservative)",Aberconwy,Conservative
"Beckett, Margaretÿ(Labour)",Derby South,Labour
"Bellingham, Sir Henry(Conservative)",North West Norfolk,Conservative
"Benn, Hilaryÿ(Labour)",Leeds Central,Labour
"Benyon, Richardÿ(Conservative)",Newbury,Conservative
"Bercow, Johnÿ(Speaker)",Buckingham,Speaker
"Beresford, Sir Paulÿ(Conservative)",Mole Valley,Conservative
"Berger, Lucianaÿ(Labour (Co-op))","Liverpool, Wavertree",Labour (Co-op)
"Berry, Jakeÿ(Conservative)",Rossendale and Darwen,Conservative
"Betts, Mr Cliveÿ(Labour)",Sheffield South East,Labour
"Black, Mhairiÿ(Scottish National Party)",Paisley and Renfrewshire South,Scottish National Party
"Blackford, Ianÿ(Scottish National Party)","Ross, Skye and Lochaber",Scottish National Party
"Blackman, Bobÿ(Conservative)",Harrow East,Conservative
"Blackman, Kirstyÿ(Scottish National Party)",Aberdeen North,Scottish National Party
"Blackman-Woods, Dr Roberta(Labour)",City of Durham,Labour
"Blomfield, Paulÿ(Labour)",Sheffield Central,Labour
"Blunt, Crispinÿ(Conservative)",Reigate,Conservative
"Boles, Nickÿ(Conservative)",Grantham and Stamford,Conservative
"Bone, Mr Peterÿ(Conservative)",Wellingborough,Conservative
"Bottomley, Sir Peterÿ(Conservative)",Worthing West,Conservative
"Bowie, Andrewÿ(Conservative)",West Aberdeenshire and Kincardine,Conservative
"Brabin, Tracyÿ(Labour (Co-op))",Batley and Spen,Labour (Co-op)
"Bradley, Benÿ(Conservative)",Mansfield,Conservative
"Bradley, Karenÿ(Conservative)",Staffordshire Moorlands,Conservative
"Bradshaw, Mr Benÿ(Labour)",Exeter,Labour
"Brady, Mr Grahamÿ(Conservative)",Altrincham and Sale West,Conservative
"Brady, Mickeyÿ(Sinn F‚in)",Newry and Armagh,Sinn F‚in
"Brake, Tomÿ(Liberal Democrat)",Carshalton and Wallington,Liberal Democrat
"Brennan, Kevinÿ(Labour)",Cardiff West,Labour
"Brereton, Jackÿ(Conservative)",Stoke-on-Trent South,Conservative
"Bridgen, Andrewÿ(Conservative)",North West Leicestershire,Conservative
"Brine, Steveÿ(Conservative)",Winchester,Conservative
"Brock, Deidreÿ(Scottish National Party)",Edinburgh North and Leith,Scottish National Party
"Brokenshire, Jamesÿ(Conservative)",Old Bexley and Sidcup,Conservative
"Brown, Alanÿ(Scottish National Party)",Kilmarnock and Loudoun,Scottish National Party
"Brown, Lynÿ(Labour)",West Ham,Labour
"Brown, Mr Nicholasÿ(Labour)",Newcastle upon Tyne East,Labour
"Bruce, Fionaÿ(Conservative)",Congleton,Conservative
"Bryant, Chrisÿ(Labour)",Rhondda,Labour
"Buck, Ms Karenÿ(Labour)",Westminster North,Labour
"Buckland, Robertÿ(Conservative)",South Swindon,Conservative
"Burden, Richardÿ(Labour)","Birmingham, Northfield",Labour
"Burghart, Alexÿ(Conservative)",Brentwood and Ongar,Conservative
"Burgon, Richardÿ(Labour)",Leeds East,Labour
"Burns, Conorÿ(Conservative)",Bournemouth West,Conservative
"Burt, Alistairÿ(Conservative)",North East Bedfordshire,Conservative
"Butler, Dawnÿ(Labour)",Brent Central,Labour
"Byrne, Liamÿ(Labour)","Birmingham, Hodge Hill",Labour
"Cable, Sir Vinceÿ(Liberal Democrat)",Twickenham,Liberal Democrat
"Cadbury, Ruthÿ(Labour)",Brentford and Isleworth,Labour
"Cairns, Alunÿ(Conservative)",Vale of Glamorgan,Conservative
"Cameron, Dr Lisaÿ(Scottish National Party)","East Kilbride, Strathaven and Lesmahagow",Scottish National Party
"Campbell, Mr Alanÿ(Labour)",Tynemouth,Labour
"Campbell, Mr Gregoryÿ(Democratic Unionist Party)",East Londonderry,Democratic Unionist Party
"Campbell, Mr Ronnieÿ(Labour)",Blyth Valley,Labour
"Carden, Danÿ(Labour)","Liverpool, Walton",Labour
"Carmichael, Mr Alistairÿ(Liberal Democrat)",Orkney and Shetland,Liberal Democrat
"Cartlidge, Jamesÿ(Conservative)",South Suffolk,Conservative
"Cash, Sir Williamÿ(Conservative)",Stone,Conservative
"Caulfield, Mariaÿ(Conservative)",Lewes,Conservative
"Chalk, Alexÿ(Conservative)",Cheltenham,Conservative
"Champion, Sarahÿ(Labour)",Rotherham,Labour
"Chapman, Douglasÿ(Scottish National Party)",Dunfermline and West Fife,Scottish National Party
"Chapman, Jennyÿ(Labour)",Darlington,Labour
"Charalambous, Bambosÿ(Labour)","Enfield, Southgate",Labour
"Cherry, Joannaÿ(Scottish National Party)",Edinburgh South West,Scottish National Party
"Chishti, Rehmanÿ(Conservative)",Gillingham and Rainham,Conservative
"Chope, Mr Christopher(Conservative)",Christchurch,Conservative
"Churchill, Joÿ(Conservative)",Bury St Edmunds,Conservative
"Clark, Colinÿ(Conservative)",Gordon,Conservative
"Clark, Gregÿ(Conservative)",Tunbridge Wells,Conservative
"Clarke, Mr Kennethÿ(Conservative)",Rushcliffe,Conservative
"Clarke, Mr Simonÿ(Conservative)",Middlesbrough South and East Cleveland,Conservative
"Cleverly, Jamesÿ(Conservative)",Braintree,Conservative
"Clifton-Brown, Geoffrey(Conservative)",The Cotswolds,Conservative
"Clwyd, Annÿ(Labour)",Cynon Valley,Labour
"Coaker, Vernonÿ(Labour)",Gedling,Labour
"Coffey, Annÿ(Labour)",Stockport,Labour
"Coffey, Dr Th‚rŠseÿ(Conservative)",Suffolk Coastal,Conservative
"Collins, Damianÿ(Conservative)",Folkestone and Hythe,Conservative
"Cooper, Julieÿ(Labour)",Burnley,Labour
"Cooper, Rosieÿ(Labour)",West Lancashire,Labour
"Cooper, Yvetteÿ(Labour)","Normanton, Pontefract and Castleford",Labour
"Corbyn, Jeremyÿ(Labour)",Islington North,Labour
"Costa, Albertoÿ(Conservative)",South Leicestershire,Conservative
"Courts, Robertÿ(Conservative)",Witney,Conservative
"Cowan, Ronnieÿ(Scottish National Party)",Inverclyde,Scottish National Party
"Cox, Mr Geoffreyÿ(Conservative)",Torridge and West Devon,Conservative
"Coyle, Neilÿ(Labour)",Bermondsey and Old Southwark,Labour
"Crabb, Stephenÿ(Conservative)",Preseli Pembrokeshire,Conservative
"Crausby, Sir Davidÿ(Labour)",Bolton North East,Labour
"Crawley, Angelaÿ(Scottish National Party)",Lanark and Hamilton East,Scottish National Party
"Creagh, Maryÿ(Labour)",Wakefield,Labour
"Creasy, Stellaÿ(Labour (Co-op))",Walthamstow,Labour (Co-op)
"Crouch, Traceyÿ(Conservative)",Chatham and Aylesford,Conservative
"Cruddas, Jonÿ(Labour)",Dagenham and Rainham,Labour
"Cryer, Johnÿ(Labour)",Leyton and Wanstead,Labour
"Cummins, Judithÿ(Labour)",Bradford South,Labour
"Cunningham, Alexÿ(Labour)",Stockton North,Labour
"Cunningham, Mr Jimÿ(Labour)",Coventry South,Labour
"Dakin, Nicÿ(Labour)",Scunthorpe,Labour
"Davey, Sir Edwardÿ(Liberal Democrat)",Kingston and Surbiton,Liberal Democrat
"David, Wayneÿ(Labour)",Caerphilly,Labour
"Davies, Chrisÿ(Conservative)",Brecon and Radnorshire,Conservative
"Davies, David T. C.ÿ(Conservative)",Monmouth,Conservative
"Davies, Geraintÿ(Labour (Co-op))",Swansea West,Labour (Co-op)
"Davies, Glynÿ(Conservative)",Montgomeryshire,Conservative
"Davies, Mimsÿ(Conservative)",Eastleigh,Conservative
"Davies, Philipÿ(Conservative)",Shipley,Conservative
"Davis, Mr Davidÿ(Conservative)",Haltemprice and Howden,Conservative
"Day, Martynÿ(Scottish National Party)",Linlithgow and East Falkirk,Scottish National Party
"De Cordova, Marshaÿ(Labour)",Battersea,Labour
"De Piero, Gloriaÿ(Labour)",Ashfield,Labour
"Debbonaire, Thangamÿ(Labour)",Bristol West,Labour
"Dent Coad, Emmaÿ(Labour)",Kensington,Labour
"Dhesi, Mr Tanmanjeet Singh(Labour)",Slough,Labour
"Dinenage, Carolineÿ(Conservative)",Gosport,Conservative
"Djanogly, Mr Jonathan(Conservative)",Huntingdon,Conservative
"Docherty, Leoÿ(Conservative)",Aldershot,Conservative
"Docherty-Hughes, Martinÿ(Scottish National Party)",West Dunbartonshire,Scottish National Party
"Dockerill, Juliaÿ(Conservative)",Hornchurch and Upminster,Conservative
"Dodds, Annelieseÿ(Labour (Co-op))",Oxford East,Labour (Co-op)
"Dodds, Nigelÿ(Democratic Unionist Party)",Belfast North,Democratic Unionist Party
"Donaldson, Sir Jeffrey M.(Democratic Unionist Party)",Lagan Valley,Democratic Unionist Party
"Donelan, Michelleÿ(Conservative)",Chippenham,Conservative
"Dorries, Ms Nadineÿ(Conservative)",Mid Bedfordshire,Conservative
"Double, Steveÿ(Conservative)",St Austell and Newquay,Conservative
"Doughty, Stephenÿ(Labour (Co-op))",Cardiff South and Penarth,Labour (Co-op)
"Dowd, Peterÿ(Labour)",Bootle,Labour
"Dowden, Oliverÿ(Conservative)",Hertsmere,Conservative
"Doyle-Price, Jackieÿ(Conservative)",Thurrock,Conservative
"Drax, Richardÿ(Conservative)",South Dorset,Conservative
"Drew, Dr Davidÿ(Labour (Co-op))",Stroud,Labour (Co-op)
"Dromey, Jackÿ(Labour)","Birmingham, Erdington",Labour
"Duddridge, Jamesÿ(Conservative)",Rochford and Southend East,Conservative
"Duffield, Rosieÿ(Labour)",Canterbury,Labour
"Duguid, Davidÿ(Conservative)",Banff and Buchan,Conservative
"Duncan, Sir Alanÿ(Conservative)",Rutland and Melton,Conservative
"Duncan Smith, Mr Iain(Conservative)",Chingford and Woodford Green,Conservative
"Dunne, Mr Philipÿ(Conservative)",Ludlow,Conservative
"Eagle, Ms Angelaÿ(Labour)",Wallasey,Labour
"Eagle, Mariaÿ(Labour)",Garston and Halewood,Labour
"Edwards, Jonathanÿ(Plaid Cymru)",Carmarthen East and Dinefwr,Plaid Cymru
"Efford, Cliveÿ(Labour)",Eltham,Labour
"Elliott, Julieÿ(Labour)",Sunderland Central,Labour
"Ellis, Michaelÿ(Conservative)",Northampton North,Conservative
"Ellman, Mrs Louiseÿ(Labour (Co-op))","Liverpool, Riverside",Labour (Co-op)
"Ellwood, Mr Tobiasÿ(Conservative)",Bournemouth East,Conservative
"Elmore, Chrisÿ(Labour)",Ogmore,Labour
"Elphicke, Charlieÿ(Conservative)",Dover,Conservative
"Esterson, Billÿ(Labour)",Sefton Central,Labour
"Eustice, Georgeÿ(Conservative)",Camborne and Redruth,Conservative
"Evans, Chrisÿ(Labour (Co-op))",Islwyn,Labour (Co-op)
"Evans, Mr Nigelÿ(Conservative)",Ribble Valley,Conservative
"Evennett, Davidÿ(Conservative)",Bexleyheath and Crayford,Conservative
"Fabricant, Michaelÿ(Conservative)",Lichfield,Conservative
"Fallon, Sir Michaelÿ(Conservative)",Sevenoaks,Conservative
"Farrelly, Paulÿ(Labour)",Newcastle-under-Lyme,Labour
"Farron, Timÿ(Liberal Democrat)",Westmorland and Lonsdale,Liberal Democrat
"Fellows, Marionÿ(Scottish National Party)",Motherwell and Wishaw,Scottish National Party
"Fernandes, Suellaÿ(Conservative)",Fareham,Conservative
"Field, Frankÿ(Labour)",Birkenhead,Labour
"Field, Markÿ(Conservative)",Cities of London and Westminster,Conservative
"Fitzpatrick, Jimÿ(Labour)",Poplar and Limehouse,Labour
"Fletcher, Colleenÿ(Labour)",Coventry North East,Labour
"Flint, Carolineÿ(Labour)",Don Valley,Labour
"Flynn, Paulÿ(Labour)",Newport West,Labour
"Ford, Vickyÿ(Conservative)",Chelmsford,Conservative
"Foster, Kevinÿ(Conservative)",Torbay,Conservative
"Fovargue, Yvonneÿ(Labour)",Makerfield,Labour
"Fox, Dr Liamÿ(Conservative)",North Somerset,Conservative
"Foxcroft, Vickyÿ(Labour)","Lewisham, Deptford",Labour
"Francois, Mr Markÿ(Conservative)",Rayleigh and Wickford,Conservative
"Frazer, Lucyÿ(Conservative)",South East Cambridgeshire,Conservative
"Freeman, Georgeÿ(Conservative)",Mid Norfolk,Conservative
"Freer, Mikeÿ(Conservative)",Finchley and Golders Green,Conservative
"Frith, Jamesÿ(Labour)",Bury North,Labour
"Furniss, Gillÿ(Labour)","Sheffield, Brightside and Hillsborough",Labour
"Fysh, Mr Marcusÿ(Conservative)",Yeovil,Conservative
"Gaffney, Hughÿ(Labour)","Coatbridge, Chryston and Bellshill",Labour
"Gale, Sir Rogerÿ(Conservative)",North Thanet,Conservative
"Gapes, Mikeÿ(Labour (Co-op))",Ilford South,Labour (Co-op)
"Gardiner, Barryÿ(Labour)",Brent North,Labour
"Garnier, Markÿ(Conservative)",Wyre Forest,Conservative
"Gauke, Mr Davidÿ(Conservative)",South West Hertfordshire,Conservative
"George, Ruthÿ(Labour)",High Peak,Labour
"Gethins, Stephenÿ(Scottish National Party)",North East Fife,Scottish National Party
"Ghani, Ms Nusratÿ(Conservative)",Wealden,Conservative
"Gibb, Nickÿ(Conservative)",Bognor Regis and Littlehampton,Conservative
"Gibson, Patriciaÿ(Scottish National Party)",North Ayrshire and Arran,Scottish National Party
"Gildernew, Michelleÿ(Sinn F‚in)",Fermanagh and South Tyrone,Sinn F‚in
"Gill, Preetÿ(Labour (Co-op))","Birmingham, Edgbaston",Labour (Co-op)
"Gillan, Mrs Cherylÿ(Conservative)",Chesham and Amersham,Conservative
"Girvan, Paulÿ(Democratic Unionist Party)",South Antrim,Democratic Unionist Party
"Glen, Johnÿ(Conservative)",Salisbury,Conservative
"Glindon, Maryÿ(Labour)",North Tyneside,Labour
"Godsiff, Mr Rogerÿ(Labour)","Birmingham, Hall Green",Labour
"Goldsmith, Zacÿ(Conservative)",Richmond Park,Conservative
"Goodman, Helenÿ(Labour)",Bishop Auckland,Labour
"Goodwill, Mr Robertÿ(Conservative)",Scarborough and Whitby,Conservative
"Gove, Michaelÿ(Conservative)",Surrey Heath,Conservative
"Grady, Patrickÿ(Scottish National Party)",Glasgow North,Scottish National Party
"Graham, Lukeÿ(Conservative)",Ochil and South Perthshire,Conservative
"Graham, Richardÿ(Conservative)",Gloucester,Conservative
"Grant, Billÿ(Conservative)","Ayr, Carrick and Cumnock",Conservative
"Grant, Mrs Helenÿ(Conservative)",Maidstone and The Weald,Conservative
"Grant, Peterÿ(Scottish National Party)",Glenrothes,Scottish National Party
"Gray, Jamesÿ(Conservative)",North Wiltshire,Conservative
"Gray, Neilÿ(Scottish National Party)",Airdrie and Shotts,Scottish National Party
"Grayling, Chrisÿ(Conservative)",Epsom and Ewell,Conservative
"Green, Chrisÿ(Conservative)",Bolton West,Conservative
"Green, Damianÿ(Conservative)",Ashford,Conservative
"Green, Kateÿ(Labour)",Stretford and Urmston,Labour
"Greening, Justineÿ(Conservative)",Putney,Conservative
"Greenwood, Lilianÿ(Labour)",Nottingham South,Labour
"Greenwood, Margaretÿ(Labour)",Wirral West,Labour
"Grieve, Mr Dominicÿ(Conservative)",Beaconsfield,Conservative
"Griffith, Niaÿ(Labour)",Llanelli,Labour
"Griffiths, Andrewÿ(Conservative)",Burton,Conservative
"Grogan, Johnÿ(Labour)",Keighley,Labour
"Gwynne, Andrewÿ(Labour)",Denton and Reddish,Labour
"Gyimah, Mr Samÿ(Conservative)",East Surrey,Conservative
"Haigh, Louiseÿ(Labour)","Sheffield, Heeley",Labour
"Hair, Kirsteneÿ(Conservative)",Angus,Conservative
"Halfon, Robertÿ(Conservative)",Harlow,Conservative
"Hall, Lukeÿ(Conservative)",Thornbury and Yate,Conservative
"Hamilton, Fabianÿ(Labour)",Leeds North East,Labour
"Hammond, Mr Philipÿ(Conservative)",Runnymede and Weybridge,Conservative
"Hammond, Stephenÿ(Conservative)",Wimbledon,Conservative
"Hancock, Mattÿ(Conservative)",West Suffolk,Conservative
"Hands, Gregÿ(Conservative)",Chelsea and Fulham,Conservative
"Hanson, Davidÿ(Labour)",Delyn,Labour
"Hardy, Emmaÿ(Labour)",Kingston upon Hull West and Hessle,Labour
"Harman, Ms Harrietÿ(Labour)",Camberwell and Peckham,Labour
"Harper, Mr Markÿ(Conservative)",Forest of Dean,Conservative
"Harrington, Richardÿ(Conservative)",Watford,Conservative
"Harris, Carolynÿ(Labour)",Swansea East,Labour
"Harris, Rebeccaÿ(Conservative)",Castle Point,Conservative
"Harrison, Trudyÿ(Conservative)",Copeland,Conservative
"Hart, Simonÿ(Conservative)",Carmarthen West and South Pembrokeshire,Conservative
"Hayes, Helenÿ(Labour)",Dulwich and West Norwood,Labour
"Hayes, Mr Johnÿ(Conservative)",South Holland and The Deepings,Conservative
"Hayman, Sueÿ(Labour)",Workington,Labour
"Hazzard, Chrisÿ(Sinn F‚in)",South Down,Sinn F‚in
"Heald, Sir Oliverÿ(Conservative)",North East Hertfordshire,Conservative
"Healey, Johnÿ(Labour)",Wentworth and Dearne,Labour
"Heappey, Jamesÿ(Conservative)",Wells,Conservative
"Heaton-Harris, Chris(Conservative)",Daventry,Conservative
"Heaton-Jones, Peterÿ(Conservative)",North Devon,Conservative
"Henderson, Gordonÿ(Conservative)",Sittingbourne and Sheppey,Conservative
"Hendrick, Mr Markÿ(Labour (Co-op))",Preston,Labour (Co-op)
"Hendry, Drewÿ(Scottish National Party)","Inverness, Nairn, Badenoch and Strathspey",Scottish National Party
"Hepburn, Mr Stephenÿ(Labour)",Jarrow,Labour
"Herbert, Nickÿ(Conservative)",Arundel and South Downs,Conservative
"Hermon, Ladyÿ(Independent)",North Down,Independent
"Hill, Mikeÿ(Labour)",Hartlepool,Labour
"Hillier, Megÿ(Labour (Co-op))",Hackney South and Shoreditch,Labour (Co-op)
"Hinds, Damianÿ(Conservative)",East Hampshire,Conservative
"Hoare, Simonÿ(Conservative)",North Dorset,Conservative
"Hobhouse, Weraÿ(Liberal Democrat)",Bath,Liberal Democrat
"Hodge, Dame Margaretÿ(Labour)",Barking,Labour
"Hodgson, Mrs Sharonÿ(Labour)",Washington and Sunderland West,Labour
"Hoey, Kateÿ(Labour)",Vauxhall,Labour
"Hollern, Kateÿ(Labour)",Blackburn,Labour
"Hollingbery, Georgeÿ(Conservative)",Meon Valley,Conservative
"Hollinrake, Kevinÿ(Conservative)",Thirsk and Malton,Conservative
"Hollobone, Mr Philipÿ(Conservative)",Kettering,Conservative
"Holloway, Adamÿ(Conservative)",Gravesham,Conservative
"Hopkins, Kelvinÿ(Labour)",Luton North,Labour
"Hosie, Stewartÿ(Scottish National Party)",Dundee East,Scottish National Party
"Howarth, Mr Georgeÿ(Labour)",Knowsley,Labour
"Howell, Johnÿ(Conservative)",Henley,Conservative
"Hoyle, Mr Lindsayÿ(Labour)",Chorley,Labour
"Huddleston, Nigelÿ(Conservative)",Mid Worcestershire,Conservative
"Hughes, Eddieÿ(Conservative)",Walsall North,Conservative
"Hunt, Mr Jeremyÿ(Conservative)",South West Surrey,Conservative
"Huq, Dr Rupaÿ(Labour)",Ealing Central and Acton,Labour
"Hurd, Mr Nickÿ(Conservative)","Ruislip, Northwood and Pinner",Conservative
"Hussain, Imranÿ(Labour)",Bradford East,Labour
"Jack, Mr Alisterÿ(Conservative)",Dumfries and Galloway,Conservative
"James, Margotÿ(Conservative)",Stourbridge,Conservative
"Jardine, Christineÿ(Liberal Democrat)",Edinburgh West,Liberal Democrat
"Jarvis, Danÿ(Labour)",Barnsley Central,Labour
"Javid, Sajidÿ(Conservative)",Bromsgrove,Conservative
"Jayawardena, Mr Ranil(Conservative)",North East Hampshire,Conservative
"Jenkin, Mr Bernardÿ(Conservative)",Harwich and North Essex,Conservative
"Jenkyns, Andreaÿ(Conservative)",Morley and Outwood,Conservative
"Jenrick, Robertÿ(Conservative)",Newark,Conservative
"Johnson, Borisÿ(Conservative)",Uxbridge and South Ruislip,Conservative
"Johnson, Dr Caroline(Conservative)",Sleaford and North Hykeham,Conservative
"Johnson, Dianaÿ(Labour)",Kingston upon Hull North,Labour
"Johnson, Garethÿ(Conservative)",Dartford,Conservative
"Johnson, Josephÿ(Conservative)",Orpington,Conservative
"Jones, Andrewÿ(Conservative)",Harrogate and Knaresborough,Conservative
"Jones, Darrenÿ(Labour)",Bristol North West,Labour
"Jones, Mr Davidÿ(Conservative)",Clwyd West,Conservative
"Jones, Geraldÿ(Labour)",Merthyr Tydfil and Rhymney,Labour
"Jones, Graham Pÿ(Labour)",Hyndburn,Labour
"Jones, Helenÿ(Labour)",Warrington North,Labour
"Jones, Mr Kevanÿ(Labour)",North Durham,Labour
"Jones, Mr Marcusÿ(Conservative)",Nuneaton,Conservative
"Jones, Sarahÿ(Labour)",Croydon Central,Labour
"Jones, Susan Elanÿ(Labour)",Clwyd South,Labour
"Kane, Mikeÿ(Labour)",Wythenshawe and Sale East,Labour
"Kawczynski, Danielÿ(Conservative)",Shrewsbury and Atcham,Conservative
"Keegan, Gillianÿ(Conservative)",Chichester,Conservative
"Keeley, Barbaraÿ(Labour)",Worsley and Eccles South,Labour
"Kendall, Lizÿ(Labour)",Leicester West,Labour
"Kennedy, Seemaÿ(Conservative)",South Ribble,Conservative
"Kerr, Stephenÿ(Conservative)",Stirling,Conservative
"Khan, Afzalÿ(Labour)","Manchester, Gorton",Labour
"Killen, Gerardÿ(Labour (Co-op))",Rutherglen and Hamilton West,Labour (Co-op)
"Kinnock, Stephenÿ(Labour)",Aberavon,Labour
"Knight, Sir Gregÿ(Conservative)",East Yorkshire,Conservative
"Knight, Julianÿ(Conservative)",Solihull,Conservative
"Kwarteng, Kwasiÿ(Conservative)",Spelthorne,Conservative
"Kyle, Peterÿ(Labour)",Hove,Labour
"Laing, Mrs Eleanorÿ(Conservative)",Epping Forest,Conservative
"Laird, Lesleyÿ(Labour)",Kirkcaldy and Cowdenbeath,Labour
"Lake, Benÿ(Plaid Cymru)",Ceredigion,Plaid Cymru
"Lamb, Normanÿ(Liberal Democrat)",North Norfolk,Liberal Democrat
"Lammy, Mr Davidÿ(Labour)",Tottenham,Labour
"Lamont, Johnÿ(Conservative)","Berwickshire, Roxburgh and Selkirk",Conservative
"Lancaster, Markÿ(Conservative)",Milton Keynes North,Conservative
"Latham, Mrs Paulineÿ(Conservative)",Mid Derbyshire,Conservative
"Lavery, Ianÿ(Labour)",Wansbeck,Labour
"Law, Chrisÿ(Scottish National Party)",Dundee West,Scottish National Party
"Leadsom, Andreaÿ(Conservative)",South Northamptonshire,Conservative
"Lee, Ms Karenÿ(Labour)",Lincoln,Labour
"Lee, Dr Phillipÿ(Conservative)",Bracknell,Conservative
"Lefroy, Jeremyÿ(Conservative)",Stafford,Conservative
"Leigh, Sir Edwardÿ(Conservative)",Gainsborough,Conservative
"Leslie, Mr Chrisÿ(Labour (Co-op))",Nottingham East,Labour (Co-op)
"Letwin, Sir Oliverÿ(Conservative)",West Dorset,Conservative
"Lewell-Buck, Mrs Emmaÿ(Labour)",South Shields,Labour
"Lewer, Andrewÿ(Conservative)",Northampton South,Conservative
"Lewis, Brandonÿ(Conservative)",Great Yarmouth,Conservative
"Lewis, Cliveÿ(Labour)",Norwich South,Labour
"Lewis, Mr Ivanÿ(Labour)",Bury South,Labour
"Lewis, Dr Julianÿ(Conservative)",New Forest East,Conservative
"Liddell-Grainger, Mr Ian(Conservative)",Bridgwater and West Somerset,Conservative
"Lidington, Mr Davidÿ(Conservative)",Aylesbury,Conservative
"Linden, Davidÿ(Scottish National Party)",Glasgow East,Scottish National Party
"Little Pengelly, Emmaÿ(Democratic Unionist Party)",Belfast South,Democratic Unionist Party
"Lloyd, Stephenÿ(Liberal Democrat)",Eastbourne,Liberal Democrat
"Lloyd, Tonyÿ(Labour)",Rochdale,Labour
"Long Bailey, Rebeccaÿ(Labour)",Salford and Eccles,Labour
"Lopresti, Jackÿ(Conservative)",Filton and Bradley Stoke,Conservative
"Lord, Mr Jonathanÿ(Conservative)",Woking,Conservative
"Loughton, Timÿ(Conservative)",East Worthing and Shoreham,Conservative
"Lucas, Carolineÿ(Green Party)","Brighton, Pavilion",Green Party
"Lucas, Ian C.ÿ(Labour)",Wrexham,Labour
"Lynch, Hollyÿ(Labour)",Halifax,Labour
"McCabe, Steveÿ(Labour)","Birmingham, Selly Oak",Labour
"McCallion, Elishaÿ(Sinn F‚in)",Foyle,Sinn F‚in
"McCarthy, Kerryÿ(Labour)",Bristol East,Labour
"McDonagh, Siobhainÿ(Labour)",Mitcham and Morden,Labour
"McDonald, Andyÿ(Labour)",Middlesbrough,Labour
"McDonald, Stewart Malcolm(Scottish National Party)",Glasgow South,Scottish National Party
"McDonald, Stuart C.ÿ(Scottish National Party)","Cumbernauld, Kilsyth and Kirkintilloch East",Scottish National Party
"McDonnell, Johnÿ(Labour)",Hayes and Harlington,Labour
"McElduff, Barryÿ(Sinn F‚in)",West Tyrone,Sinn F‚in
"McFadden, Mr Patÿ(Labour)",Wolverhampton South East,Labour
"McGinn, Conorÿ(Labour)",St Helens North,Labour
"McGovern, Alisonÿ(Labour)",Wirral South,Labour
"McInnes, Lizÿ(Labour)",Heywood and Middleton,Labour
"Mackinlay, Craigÿ(Conservative)",South Thanet,Conservative
"McKinnell, Catherineÿ(Labour)",Newcastle upon Tyne North,Labour
"Maclean, Rachelÿ(Conservative)",Redditch,Conservative
"McLoughlin, Sir Patrick(Conservative)",Derbyshire Dales,Conservative
"McMahon, Jimÿ(Labour (Co-op))",Oldham West and Royton,Labour (Co-op)
"McMorrin, Annaÿ(Labour)",Cardiff North,Labour
"McNally, Johnÿ(Scottish National Party)",Falkirk,Scottish National Party
"MacNeil, Angus Brendanÿ(Scottish National Party)",Na h-Eileanan an Iar,Scottish National Party
"McPartland, Stephen(Conservative)",Stevenage,Conservative
"McVey, Estherÿ(Conservative)",Tatton,Conservative
"Madders, Justinÿ(Labour)",Ellesmere Port and Neston,Labour
"Mahmood, Mr Khalidÿ(Labour)","Birmingham, Perry Barr",Labour
"Mahmood, Shabanaÿ(Labour)","Birmingham, Ladywood",Labour
"Main, Mrs Anneÿ(Conservative)",St Albans,Conservative
"Mak, Alanÿ(Conservative)",Havant,Conservative
"Malhotra, Seemaÿ(Labour (Co-op))",Feltham and Heston,Labour (Co-op)
"Malthouse, Kitÿ(Conservative)",North West Hampshire,Conservative
"Mann, Johnÿ(Labour)",Bassetlaw,Labour
"Mann, Scottÿ(Conservative)",North Cornwall,Conservative
"Marsden, Gordonÿ(Labour)",Blackpool South,Labour
"Martin, Sandyÿ(Labour)",Ipswich,Labour
"Maskell, Rachaelÿ(Labour (Co-op))",York Central,Labour (Co-op)
"Maskey, Paulÿ(Sinn F‚in)",Belfast West,Sinn F‚in
"Masterton, Paulÿ(Conservative)",East Renfrewshire,Conservative
"Matheson, Christianÿ(Labour)",City of Chester,Labour
"May, Mrs Theresaÿ(Conservative)",Maidenhead,Conservative
"Maynard, Paulÿ(Conservative)",Blackpool North and Cleveleys,Conservative
"Mearns, Ianÿ(Labour)",Gateshead,Labour
"Menzies, Markÿ(Conservative)",Fylde,Conservative
"Mercer, Johnnyÿ(Conservative)","Plymouth, Moor View",Conservative
"Merriman, Huwÿ(Conservative)",Bexhill and Battle,Conservative
"Metcalfe, Stephenÿ(Conservative)",South Basildon and East Thurrock,Conservative
"Miliband, Edwardÿ(Labour)",Doncaster North,Labour
"Miller, Mrs Mariaÿ(Conservative)",Basingstoke,Conservative
"Milling, Amandaÿ(Conservative)",Cannock Chase,Conservative
"Mills, Nigelÿ(Conservative)",Amber Valley,Conservative
"Milton, Anneÿ(Conservative)",Guildford,Conservative
"Mitchell, Mr Andrewÿ(Conservative)",Sutton Coldfield,Conservative
"Molloy, Francieÿ(Sinn F‚in)",Mid Ulster,Sinn F‚in
"Monaghan, Carolÿ(Scottish National Party)",Glasgow North West,Scottish National Party
"Moon, Mrs Madeleineÿ(Labour)",Bridgend,Labour
"Moore, Damienÿ(Conservative)",Southport,Conservative
"Moran, Laylaÿ(Liberal Democrat)",Oxford West and Abingdon,Liberal Democrat
"Mordaunt, Pennyÿ(Conservative)",Portsmouth North,Conservative
"Morden, Jessicaÿ(Labour)",Newport East,Labour
"Morgan, Nickyÿ(Conservative)",Loughborough,Conservative
"Morgan, Stephenÿ(Labour)",Portsmouth South,Labour
"Morris, Anne Marieÿ(Conservative)",Newton Abbot,Conservative
"Morris, Davidÿ(Conservative)",Morecambe and Lunesdale,Conservative
"Morris, Grahameÿ(Labour)",Easington,Labour
"Morris, Jamesÿ(Conservative)",Halesowen and Rowley Regis,Conservative
"Morton, Wendyÿ(Conservative)",Aldridge-Brownhills,Conservative
"Mundell, Davidÿ(Conservative)","Dumfriesshire, Clydesdale and Tweeddale",Conservative
"Murray, Ianÿ(Labour)",Edinburgh South,Labour
"Murray, Mrs Sheryllÿ(Conservative)",South East Cornwall,Conservative
"Murrison, Dr Andrewÿ(Conservative)",South West Wiltshire,Conservative
"Nandy, Lisaÿ(Labour)",Wigan,Labour
"Neill, Robertÿ(Conservative)",Bromley and Chislehurst,Conservative
"Newlands, Gavinÿ(Scottish National Party)",Paisley and Renfrewshire North,Scottish National Party
"Newton, Sarahÿ(Conservative)",Truro and Falmouth,Conservative
"Nokes, Carolineÿ(Conservative)",Romsey and Southampton North,Conservative
"Norman, Jesseÿ(Conservative)",Hereford and South Herefordshire,Conservative
"Norris, Alexÿ(Labour (Co-op))",Nottingham North,Labour (Co-op)
"O'Brien, Neilÿ(Conservative)",Harborough,Conservative
"Offord, Dr Matthewÿ(Conservative)",Hendon,Conservative
"O'Hara, Brendanÿ(Scottish National Party)",Argyll and Bute,Scottish National Party
"O'Mara, Jaredÿ(Labour)","Sheffield, Hallam",Labour
"Onasanya, Fionaÿ(Labour)",Peterborough,Labour
"Onn, Melanieÿ(Labour)",Great Grimsby,Labour
"Onwurah, Chiÿ(Labour)",Newcastle upon Tyne Central,Labour
"Opperman, Guyÿ(Conservative)",Hexham,Conservative
"Osamor, Kateÿ(Labour (Co-op))",Edmonton,Labour (Co-op)
"Owen, Albertÿ(Labour)",Ynys M“n,Labour
"Paisley, Ianÿ(Democratic Unionist Party)",North Antrim,Democratic Unionist Party
"Parish, Neilÿ(Conservative)",Tiverton and Honiton,Conservative
"Patel, Pritiÿ(Conservative)",Witham,Conservative
"Paterson, Mr Owenÿ(Conservative)",North Shropshire,Conservative
"Pawsey, Markÿ(Conservative)",Rugby,Conservative
"Peacock, Stephanieÿ(Labour)",Barnsley East,Labour
"Pearce, Teresaÿ(Labour)",Erith and Thamesmead,Labour
"Penning, Mikeÿ(Conservative)",Hemel Hempstead,Conservative
"Pennycook, Matthewÿ(Labour)",Greenwich and Woolwich,Labour
"Penrose, Johnÿ(Conservative)",Weston-super-Mare,Conservative
"Percy, Andrewÿ(Conservative)",Brigg and Goole,Conservative
"Perkins, Tobyÿ(Labour)",Chesterfield,Labour
"Perry, Claireÿ(Conservative)",Devizes,Conservative
"Phillips, Jessÿ(Labour)","Birmingham, Yardley",Labour
"Phillipson, Bridgetÿ(Labour)",Houghton and Sunderland South,Labour
"Philp, Chrisÿ(Conservative)",Croydon South,Conservative
"Pidcock, Lauraÿ(Labour)",North West Durham,Labour
"Pincher, Christopherÿ(Conservative)",Tamworth,Conservative
"Platt, Joÿ(Labour (Co-op))",Leigh,Labour (Co-op)
"Pollard, Lukeÿ(Labour (Co-op))","Plymouth, Sutton and Devonport",Labour (Co-op)
"Poulter, Dr Danÿ(Conservative)",Central Suffolk and North Ipswich,Conservative
"Pound, Stephenÿ(Labour)",Ealing North,Labour
"Pow, Rebeccaÿ(Conservative)",Taunton Deane,Conservative
"Powell, Lucyÿ(Labour (Co-op))",Manchester Central,Labour (Co-op)
"Prentis, Victoriaÿ(Conservative)",Banbury,Conservative
"Prisk, Mr Markÿ(Conservative)",Hertford and Stortford,Conservative
"Pritchard, Markÿ(Conservative)",The Wrekin,Conservative
"Pursglove, Tomÿ(Conservative)",Corby,Conservative
"Quin, Jeremyÿ(Conservative)",Horsham,Conservative
"Quince, Willÿ(Conservative)",Colchester,Conservative
"Qureshi, Yasminÿ(Labour)",Bolton South East,Labour
"Raab, Dominicÿ(Conservative)",Esher and Walton,Conservative
"Rashid, Faisalÿ(Labour)",Warrington South,Labour
"Rayner, Angelaÿ(Labour)",Ashton-under-Lyne,Labour
"Redwood, Johnÿ(Conservative)",Wokingham,Conservative
"Reed, Mr Steveÿ(Labour (Co-op))",Croydon North,Labour (Co-op)
"Rees, Christinaÿ(Labour (Co-op))",Neath,Labour (Co-op)
"Rees-Mogg, Mr Jacob(Conservative)",North East Somerset,Conservative
"Reeves, Ellieÿ(Labour)",Lewisham West and Penge,Labour
"Reeves, Rachelÿ(Labour)",Leeds West,Labour
"Reynolds, Emmaÿ(Labour)",Wolverhampton North East,Labour
"Reynolds, Jonathanÿ(Labour (Co-op))",Stalybridge and Hyde,Labour (Co-op)
"Rimmer, Ms Marieÿ(Labour)",St Helens South and Whiston,Labour
"Robertson, Mr Laurence(Conservative)",Tewkesbury,Conservative
"Robinson, Gavinÿ(Democratic Unionist Party)",Belfast East,Democratic Unionist Party
"Robinson, Mr Geoffreyÿ(Labour)",Coventry North West,Labour
"Robinson, Maryÿ(Conservative)",Cheadle,Conservative
"Rodda, Mattÿ(Labour)",Reading East,Labour
"Rosindell, Andrewÿ(Conservative)",Romford,Conservative
"Ross, Douglasÿ(Conservative)",Moray,Conservative
"Rowley, Danielleÿ(Labour)",Midlothian,Labour
"Rowley, Leeÿ(Conservative)",North East Derbyshire,Conservative
"Ruane, Chrisÿ(Labour)",Vale of Clwyd,Labour
"Rudd, Amberÿ(Conservative)",Hastings and Rye,Conservative
"Russell-Moyle, Lloydÿ(Labour (Co-op))","Brighton, Kemptown",Labour (Co-op)
"Rutley, Davidÿ(Conservative)",Macclesfield,Conservative
"Ryan, Joanÿ(Labour)",Enfield North,Labour
"Sandbach, Antoinette(Conservative)",Eddisbury,Conservative
"Saville Roberts, Lizÿ(Plaid Cymru)",Dwyfor Meirionnydd,Plaid Cymru
"Scully, Paulÿ(Conservative)",Sutton and Cheam,Conservative
"Seely, Mr Bobÿ(Conservative)",Isle of Wight,Conservative
"Selous, Andrewÿ(Conservative)",South West Bedfordshire,Conservative
"Shah, Nazÿ(Labour)",Bradford West,Labour
"Shannon, Jimÿ(Democratic Unionist Party)",Strangford,Democratic Unionist Party
"Shapps, Grantÿ(Conservative)",Welwyn Hatfield,Conservative
"Sharma, Alokÿ(Conservative)",Reading West,Conservative
"Sharma, Mr Virendraÿ(Labour)","Ealing, Southall",Labour
"Sheerman, Mr Barryÿ(Labour (Co-op))",Huddersfield,Labour (Co-op)
"Shelbrooke, Alecÿ(Conservative)",Elmet and Rothwell,Conservative
"Sheppard, Tommyÿ(Scottish National Party)",Edinburgh East,Scottish National Party
"Sherriff, Paulaÿ(Labour)",Dewsbury,Labour
"Shuker, Mr Gavinÿ(Labour (Co-op))",Luton South,Labour (Co-op)
"Siddiq, Tulipÿ(Labour)",Hampstead and Kilburn,Labour
"Simpson, Davidÿ(Democratic Unionist Party)",Upper Bann,Democratic Unionist Party
"Simpson, Mr Keithÿ(Conservative)",Broadland,Conservative
"Skidmore, Chrisÿ(Conservative)",Kingswood,Conservative
"Skinner, Mr Dennisÿ(Labour)",Bolsover,Labour
"Slaughter, Andyÿ(Labour)",Hammersmith,Labour
"Smeeth, Ruthÿ(Labour)",Stoke-on-Trent North,Labour
"Smith, Angelaÿ(Labour)",Penistone and Stocksbridge,Labour
"Smith, Catÿ(Labour)",Lancaster and Fleetwood,Labour
"Smith, Chloeÿ(Conservative)",Norwich North,Conservative
"Smith, Eleanorÿ(Labour)",Wolverhampton South West,Labour
"Smith, Henryÿ(Conservative)",Crawley,Conservative
"Smith, Jeffÿ(Labour)","Manchester, Withington",Labour
"Smith, Julianÿ(Conservative)",Skipton and Ripon,Conservative
"Smith, Lauraÿ(Labour)",Crewe and Nantwich,Labour
"Smith, Nickÿ(Labour)",Blaenau Gwent,Labour
"Smith, Owenÿ(Labour)",Pontypridd,Labour
"Smith, Roystonÿ(Conservative)","Southampton, Itchen",Conservative
"Smyth, Karinÿ(Labour)",Bristol South,Labour
"Snell, Garethÿ(Labour (Co-op))",Stoke-on-Trent Central,Labour (Co-op)
"Soames, Sir Nicholas(Conservative)",Mid Sussex,Conservative
"Sobel, Alexÿ(Labour (Co-op))",Leeds North West,Labour (Co-op)
"Soubry, Annaÿ(Conservative)",Broxtowe,Conservative
"Spellar, Johnÿ(Labour)","Warley, previously Birmingham Northfield",Labour
"Spelman, Dame Caroline(Conservative)",Meriden,Conservative
"Spencer, Markÿ(Conservative)",Sherwood,Conservative
"Starmer, Keirÿ(Labour)",Holborn and St Pancras,Labour
"Stephens, Chrisÿ(Scottish National Party)",Glasgow South West,Scottish National Party
"Stephenson, Andrew(Conservative)",Pendle,Conservative
"Stevens, Joÿ(Labour)",Cardiff Central,Labour
"Stevenson, Johnÿ(Conservative)",Carlisle,Conservative
"Stewart, Bobÿ(Conservative)",Beckenham,Conservative
"Stewart, Iainÿ(Conservative)",Milton Keynes South,Conservative
"Stewart, Roryÿ(Conservative)",Penrith and The Border,Conservative
"Stone, Jamieÿ(Liberal Democrat)","Caithness, Sutherland and Easter Ross",Liberal Democrat
"Streeter, Mr Garyÿ(Conservative)",South West Devon,Conservative
"Streeting, Wesÿ(Labour)",Ilford North,Labour
"Stride, Melÿ(Conservative)",Central Devon,Conservative
"Stringer, Grahamÿ(Labour)",Blackley and Broughton,Labour
"Stuart, Grahamÿ(Conservative)",Beverley and Holderness,Conservative
"Sturdy, Julianÿ(Conservative)",York Outer,Conservative
"Sunak, Rishiÿ(Conservative)",Richmond (Yorks),Conservative
"Swayne, Sir Desmond(Conservative)",New Forest West,Conservative
"Sweeney, Mr Paul Jÿ(Labour (Co-op))",Glasgow North East,Labour (Co-op)
"Swinson, Joÿ(Liberal Democrat)",East Dunbartonshire,Liberal Democrat
"Swire, Sir Hugoÿ(Conservative)",East Devon,Conservative
"Syms, Mr Robertÿ(Conservative)",Poole,Conservative
"Tami, Markÿ(Labour)",Alyn and Deeside,Labour
"Thewliss, Alisonÿ(Scottish National Party)",Glasgow Central,Scottish National Party
"Thomas, Derekÿ(Conservative)",St Ives,Conservative
"Thomas, Garethÿ(Labour (Co-op))",Harrow West,Labour (Co-op)
"Thomas-Symonds, Nickÿ(Labour)",Torfaen,Labour
"Thomson, Rossÿ(Conservative)",Aberdeen South,Conservative
"Thornberry, Emilyÿ(Labour)",Islington South and Finsbury,Labour
"Throup, Maggieÿ(Conservative)",Erewash,Conservative
"Timms, Stephenÿ(Labour)",East Ham,Labour
"Tolhurst, Kellyÿ(Conservative)",Rochester and Strood,Conservative
"Tomlinson, Justinÿ(Conservative)",North Swindon,Conservative
"Tomlinson, Michaelÿ(Conservative)",Mid Dorset and North Poole,Conservative
"Tracey, Craigÿ(Conservative)",North Warwickshire,Conservative
"Tredinnick, Davidÿ(Conservative)",Bosworth,Conservative
"Trevelyan, Mrs Anne-Marie(Conservative)",Berwick-upon-Tweed,Conservative
"Trickett, Jonÿ(Labour)",Hemsworth,Labour
"Truss, Elizabethÿ(Conservative)",South West Norfolk,Conservative
"Tugendhat, Tomÿ(Conservative)",Tonbridge and Malling,Conservative
"Turley, Annaÿ(Labour (Co-op))",Redcar,Labour (Co-op)
"Turner, Karlÿ(Labour)",Kingston upon Hull East,Labour
"Twigg, Derekÿ(Labour)",Halton,Labour
"Twigg, Stephenÿ(Labour (Co-op))","Liverpool, West Derby",Labour (Co-op)
"Twist, Lizÿ(Labour)",Blaydon,Labour
"Umunna, Chukaÿ(Labour)",Streatham,Labour
"Vaizey, Mr Edwardÿ(Conservative)",Wantage,Conservative
"Vara, Mr Shaileshÿ(Conservative)",North West Cambridgeshire,Conservative
"Vaz, Keithÿ(Labour)",Leicester East,Labour
"Vaz, Valerieÿ(Labour)",Walsall South,Labour
"Vickers, Martinÿ(Conservative)",Cleethorpes,Conservative
"Villiers, Theresaÿ(Conservative)",Chipping Barnet,Conservative
"Walker, Mr Charlesÿ(Conservative)",Broxbourne,Conservative
"Walker, Mr Robinÿ(Conservative)",Worcester,Conservative
"Walker, Thelmaÿ(Labour)",Colne Valley,Labour
"Wallace, Mr Benÿ(Conservative)",Wyre and Preston North,Conservative
"Warburton, Davidÿ(Conservative)",Somerton and Frome,Conservative
"Warman, Mattÿ(Conservative)",Boston and Skegness,Conservative
"Watling, Gilesÿ(Conservative)",Clacton,Conservative
"Watson, Tomÿ(Labour)",West Bromwich East,Labour
"West, Catherineÿ(Labour)",Hornsey and Wood Green,Labour
"Western, Mattÿ(Labour)",Warwick and Leamington,Labour
"Whately, Helenÿ(Conservative)",Faversham and Mid Kent,Conservative
"Wheeler, Mrs Heather(Conservative)",South Derbyshire,Conservative
"Whitehead, Dr Alanÿ(Labour)","Southampton, Test",Labour
"Whitfield, Martinÿ(Labour)",East Lothian,Labour
"Whitford, Dr Philippaÿ(Scottish National Party)",Central Ayrshire,Scottish National Party
"Whittaker, Craigÿ(Conservative)",Calder Valley,Conservative
"Whittingdale, Mr John(Conservative)",Maldon,Conservative
"Wiggin, Billÿ(Conservative)",North Herefordshire,Conservative
"Williams, Hywelÿ(Plaid Cymru)",Arfon,Plaid Cymru
"Williams, Dr Paulÿ(Labour)",Stockton South,Labour
"Williamson, Chrisÿ(Labour)",Derby North,Labour
"Williamson, Gavinÿ(Conservative)",South Staffordshire,Conservative
"Wilson, Philÿ(Labour)",Sedgefield,Labour
"Wilson, Sammyÿ(Democratic Unionist Party)",East Antrim,Democratic Unionist Party
"Winterton, Dame Rosieÿ(Labour)",Doncaster Central,Labour
"Wishart, Peteÿ(Scottish National Party)",Perth and North Perthshire,Scottish National Party
"Wollaston, Dr Sarahÿ(Conservative)",Totnes,Conservative
"Wood, Mikeÿ(Conservative)",Dudley South,Conservative
"Woodcock, Johnÿ(Labour (Co-op))",Barrow and Furness,Labour (Co-op)
"Wragg, Mr Williamÿ(Conservative)",Hazel Grove,Conservative
"Wright, Jeremyÿ(Conservative)",Kenilworth and Southam,Conservative
"Yasin, Mohammadÿ(Labour)",Bedford,Labour
"Zahawi, Nadhimÿ(Conservative)",Stratford-on-Avon,Conservative
"Zeichner, Danielÿ(Labour)",Cambridge,Labour
